{
  "centroid": {
    "ra": 182.5296710637593,
    "dec": 18.708045685948665,
    "distance": 4.75514577353091
  },
  "center_of_gravity": {
    "ra": 182.5263043367817,
    "dec": 18.62165029006108,
    "distance": 4.804424101289122
  },
  "diameter": {
    "ra": 1.608112022167262,
    "dec": 1.3661962720765004,
    "distance": 1.9443732107584397
  },
  "bounds": [
    {
      "ra": 181.7753748894713,
      "dec": 18.09451595303912,
      "distance": 4.008010245209075
    },
    {
      "ra": 183.38348691163856,
      "dec": 19.46071222511562,
      "distance": 5.952383455967515
    }
  ]
}
