{
  "centroid": {
    "ra": 198.22763729699636,
    "dec": 18.17128993209831,
    "distance": -5.175723177699499
  },
  "center_of_gravity": {
    "ra": 198.23225606338136,
    "dec": 18.16951057336077,
    "distance": -5.179583494605599
  },
  "diameter": {
    "ra": 0.2661793142836757,
    "dec": 0.19945632511730338,
    "distance": 1.0951314711189095
  },
  "bounds": [
    {
      "ra": 198.10262311399413,
      "dec": 18.083317395527093,
      "distance": -5.734475226142813
    },
    {
      "ra": 198.3688024282778,
      "dec": 18.282773720644396,
      "distance": -4.639343755023903
    }
  ]
}
{
  "centroid": {
    "ra": 198.23400630669184,
    "dec": 18.162444102257012,
    "distance": 4.548340505639905
  },
  "center_of_gravity": {
    "ra": 198.23160569279244,
    "dec": 18.166778190298256,
    "distance": 4.545316670546294
  },
  "diameter": {
    "ra": 0.26653576929851397,
    "dec": 0.25113319129433975,
    "distance": 0.9350628469363418
  },
  "bounds": [
    {
      "ra": 198.08178045526108,
      "dec": 18.01908471534946,
      "distance": 4.09863039717368
    },
    {
      "ra": 198.3483162245596,
      "dec": 18.2702179066438,
      "distance": 5.0336932441100215
    }
  ]
}
