{
  "centroid": {
    "ra": 199.113709114879,
    "dec": 17.705092830635383,
    "distance": 4.7565894980751375
  },
  "center_of_gravity": {
    "ra": 199.1056070158369,
    "dec": 17.70645064250765,
    "distance": 4.491183504448241
  },
  "diameter": {
    "ra": 0.5742688742259077,
    "dec": 0.371136899661046,
    "distance": 1.7755366295576174
  },
  "bounds": [
    {
      "ra": 198.83448449694674,
      "dec": 17.524409085004166,
      "distance": 4.01698929611895
    },
    {
      "ra": 199.40875337117265,
      "dec": 17.895545984665212,
      "distance": 5.792525925676568
    }
  ]
}
