{
  "centroid": {
    "ra": 211.35683819037138,
    "dec": 28.532233715793964,
    "distance": -4.79728029538094
  },
  "center_of_gravity": {
    "ra": 211.355845523656,
    "dec": 28.528501405547374,
    "distance": -4.755250041698113
  },
  "diameter": {
    "ra": 0.20973029854269498,
    "dec": 0.2010513646897074,
    "distance": 1.2304954785127515
  },
  "bounds": [
    {
      "ra": 211.25246816441572,
      "dec": 28.445009226899185,
      "distance": -5.409162490076453
    },
    {
      "ra": 211.4621984629584,
      "dec": 28.646060591588892,
      "distance": -4.178667011563701
    }
  ]
}
{
  "centroid": {
    "ra": 211.36862721895588,
    "dec": 28.53431355375583,
    "distance": 4.474291747107214
  },
  "center_of_gravity": {
    "ra": 211.3749569025812,
    "dec": 28.53359054315693,
    "distance": 4.395974353711711
  },
  "diameter": {
    "ra": 0.2589319160860555,
    "dec": 0.15821176667526515,
    "distance": 0.9659963940068943
  },
  "bounds": [
    {
      "ra": 211.2173911736468,
      "dec": 28.470408173396645,
      "distance": 4.071025445703343
    },
    {
      "ra": 211.47632308973286,
      "dec": 28.62861994007191,
      "distance": 5.0370218397102375
    }
  ]
}
