{
  "centroid": {
    "ra": 229.64230366739284,
    "dec": 2.0934793667181246,
    "distance": -4.140281933634299
  },
  "center_of_gravity": {
    "ra": 229.64298188282228,
    "dec": 2.0969170521600007,
    "distance": -4.124726087174872
  },
  "diameter": {
    "ra": 0.27553451058389555,
    "dec": 0.19516686210919776,
    "distance": 0.31705760019386986
  },
  "bounds": [
    {
      "ra": 229.4946833440032,
      "dec": 2.001235545620499,
      "distance": -4.318276045629206
    },
    {
      "ra": 229.7702178545871,
      "dec": 2.1964024077296966,
      "distance": -4.001218445435336
    }
  ]
}
{
  "centroid": {
    "ra": 229.63217108109646,
    "dec": 2.0777384935709606,
    "distance": -5.302975303915325
  },
  "center_of_gravity": {
    "ra": 229.63428320684284,
    "dec": 2.076444389811431,
    "distance": -5.304285773944696
  },
  "diameter": {
    "ra": 0.2342630012575171,
    "dec": 0.17911381288281714,
    "distance": 0.42636413308284116
  },
  "bounds": [
    {
      "ra": 229.50725387207257,
      "dec": 2.000296224966501,
      "distance": -5.525535990105753
    },
    {
      "ra": 229.74151687333008,
      "dec": 2.179410037849318,
      "distance": -5.099171857022911
    }
  ]
}
