{
  "centroid": {
    "ra": 229.62084010774794,
    "dec": 1.9563777974250838,
    "distance": 4.544587235331455
  },
  "center_of_gravity": {
    "ra": 229.62364861511804,
    "dec": 1.9623126829330593,
    "distance": 4.5397130821601746
  },
  "diameter": {
    "ra": 0.34767199912400315,
    "dec": 0.1675762475782343,
    "distance": 1.160951250440168
  },
  "bounds": [
    {
      "ra": 229.4705924768916,
      "dec": 1.8323473391405665,
      "distance": 4.010766434631038
    },
    {
      "ra": 229.8182644760156,
      "dec": 1.9999235867188008,
      "distance": 5.171717685071206
    }
  ]
}
