{
  "centroid": {
    "ra": 298.4239495272751,
    "dec": 18.790255070747783,
    "distance": 6.361261731315554
  },
  "center_of_gravity": {
    "ra": 298.42809340701996,
    "dec": 18.783551106953336,
    "distance": 6.359803598206865
  },
  "diameter": {
    "ra": 0.24145086743584443,
    "dec": 0.23523951459464953,
    "distance": 0.3420021570906888
  },
  "bounds": [
    {
      "ra": 298.2922464802366,
      "dec": 18.6776633472236,
      "distance": 6.192710496517615
    },
    {
      "ra": 298.53369734767244,
      "dec": 18.91290286181825,
      "distance": 6.534712653608304
    }
  ]
}
