{
  "centroid": {
    "ra": 3.5233734499627944,
    "dec": -74.38452873355217,
    "distance": -4.854608345186029
  },
  "center_of_gravity": {
    "ra": 3.56960751962853,
    "dec": -74.3598346128879,
    "distance": -4.866534179766493
  },
  "diameter": {
    "ra": 1.1861737425927874,
    "dec": 1.124772383830205,
    "distance": 1.704407315430431
  },
  "bounds": [
    {
      "ra": 2.8038025623371543,
      "dec": -75.12717472770973,
      "distance": -5.712699813287268
    },
    {
      "ra": 3.9899763049299417,
      "dec": -74.00240234387952,
      "distance": -4.0082924978568375
    }
  ]
}
{
  "centroid": {
    "ra": 3.575527109605355,
    "dec": -74.57855304161617,
    "distance": 4.4483012573935286
  },
  "center_of_gravity": {
    "ra": 3.5837958337737406,
    "dec": -74.56786739742498,
    "distance": 4.425959159596233
  },
  "diameter": {
    "ra": 1.0516781794235985,
    "dec": 1.0841852944353576,
    "distance": 1.052046582611073
  },
  "bounds": [
    {
      "ra": 2.9376398079495245,
      "dec": -75.15335730418651,
      "distance": 4.012888664295042
    },
    {
      "ra": 3.989317987373123,
      "dec": -74.06917200975116,
      "distance": 5.064935246906115
    }
  ]
}
