{
  "centroid": {
    "ra": 3.702686799614687,
    "dec": -73.51828211063477,
    "distance": 4.396599957498968
  },
  "center_of_gravity": {
    "ra": 3.731288191939849,
    "dec": -73.5114146654202,
    "distance": 4.382907993558745
  },
  "diameter": {
    "ra": 0.7228688850847718,
    "dec": 0.9187170790126657,
    "distance": 0.9474244008184005
  },
  "bounds": [
    {
      "ra": 3.2748506581846937,
      "dec": -73.91758864847753,
      "distance": 4.005828507590092
    },
    {
      "ra": 3.9977195432694654,
      "dec": -72.99887156946487,
      "distance": 4.953252908408492
    }
  ]
}
