{
  "centroid": {
    "ra": 13.746488572847804,
    "dec": -37.45160399123822,
    "distance": 4.6506934562566435
  },
  "center_of_gravity": {
    "ra": 13.763913731928708,
    "dec": -37.5685729122983,
    "distance": 4.587440531172711
  },
  "diameter": {
    "ra": 1.6221751201006462,
    "dec": 1.4260460820416085,
    "distance": 1.787352986728437
  },
  "bounds": [
    {
      "ra": 13.0423048523349,
      "dec": -37.99207323653446,
      "distance": 4.0020071097780106
    },
    {
      "ra": 14.664479972435545,
      "dec": -36.56602715449285,
      "distance": 5.789360096506448
    }
  ]
}
