{
  "centroid": {
    "ra": 15.023863855691419,
    "dec": -33.70656752283928,
    "distance": 4.828789231890699
  },
  "center_of_gravity": {
    "ra": 15.010307096503245,
    "dec": -33.71158230564031,
    "distance": 4.754721538910741
  },
  "diameter": {
    "ra": 0.8447693994772063,
    "dec": 0.5496561827335285,
    "distance": 2.056179054348865
  },
  "bounds": [
    {
      "ra": 14.609663247627713,
      "dec": -33.972640402999474,
      "distance": 4.005571010025258
    },
    {
      "ra": 15.45443264710492,
      "dec": -33.422984220265946,
      "distance": 6.061750064374123
    }
  ]
}
