{
  "centroid": {
    "ra": 39.812669417922805,
    "dec": -34.56000972928405,
    "distance": 4.698495809814782
  },
  "center_of_gravity": {
    "ra": 39.83707855284607,
    "dec": -34.55498131157014,
    "distance": 4.698285711393027
  },
  "diameter": {
    "ra": 0.4897283767282161,
    "dec": 0.7443608808341082,
    "distance": 1.528408613699697
  },
  "bounds": [
    {
      "ra": 39.50939278473693,
      "dec": -34.96717836012263,
      "distance": 4.001676166513532
    },
    {
      "ra": 39.99912116146515,
      "dec": -34.22281747928852,
      "distance": 5.530084780213229
    }
  ]
}
{
  "centroid": {
    "ra": 39.84076585955497,
    "dec": -34.556415569997604,
    "distance": -4.414095379564518
  },
  "center_of_gravity": {
    "ra": 39.87069672471414,
    "dec": -34.544439297231705,
    "distance": -4.41933995783103
  },
  "diameter": {
    "ra": 0.41760411389359575,
    "dec": 0.5275676177697193,
    "distance": 0.9509211666857427
  },
  "bounds": [
    {
      "ra": 39.58043385470627,
      "dec": -34.80010495937966,
      "distance": -4.964689883918258
    },
    {
      "ra": 39.99803796859987,
      "dec": -34.27253734160994,
      "distance": -4.013768717232515
    }
  ]
}
