{
  "centroid": {
    "ra": 40.158109687864986,
    "dec": -34.43273982769048,
    "distance": 4.6277700539362385
  },
  "center_of_gravity": {
    "ra": 40.13251608931627,
    "dec": -34.44047870814673,
    "distance": 4.6109376736408825
  },
  "diameter": {
    "ra": 0.5410477323594947,
    "dec": 0.7999293424013274,
    "distance": 1.3958140448155083
  },
  "bounds": [
    {
      "ra": 40.00286191610182,
      "dec": -34.852158199624945,
      "distance": 4.0286975547366035
    },
    {
      "ra": 40.543909648461316,
      "dec": -34.05222885722362,
      "distance": 5.424511599552112
    }
  ]
}
{
  "centroid": {
    "ra": 40.120411520630014,
    "dec": -34.4858069882921,
    "distance": -4.32093733088951
  },
  "center_of_gravity": {
    "ra": 40.107948594180364,
    "dec": -34.50307716204602,
    "distance": -4.283048514968717
  },
  "diameter": {
    "ra": 0.3736717117534667,
    "dec": 0.5486074273810502,
    "distance": 0.6890203632721565
  },
  "bounds": [
    {
      "ra": 40.000929533039816,
      "dec": -34.81267965925162,
      "distance": -4.709860016526342
    },
    {
      "ra": 40.37460124479328,
      "dec": -34.26407223187057,
      "distance": -4.0208396532541855
    }
  ]
}
