{
  "centroid": {
    "ra": 48.07867881558294,
    "dec": -55.213428449929616,
    "distance": 4.669691092121705
  },
  "center_of_gravity": {
    "ra": 48.0719912036096,
    "dec": -55.209320036926975,
    "distance": 4.560522029388354
  },
  "diameter": {
    "ra": 0.4890791271401511,
    "dec": 0.43438198987954024,
    "distance": 1.5004322523218434
  },
  "bounds": [
    {
      "ra": 48.00072987774186,
      "dec": -55.54076109671876,
      "distance": 4.01137761238853
    },
    {
      "ra": 48.48980900488201,
      "dec": -55.10637910683922,
      "distance": 5.511809864710373
    }
  ]
}
{
  "centroid": {
    "ra": 48.06974718884373,
    "dec": -55.22022564026746,
    "distance": -4.488690773868633
  },
  "center_of_gravity": {
    "ra": 48.063136348711986,
    "dec": -55.219547008945604,
    "distance": -4.398268614983856
  },
  "diameter": {
    "ra": 0.18620618769178066,
    "dec": 0.21758250096610254,
    "distance": 1.048488979420064
  },
  "bounds": [
    {
      "ra": 48.009706919756574,
      "dec": -55.34511831992714,
      "distance": -5.051853713242587
    },
    {
      "ra": 48.195913107448355,
      "dec": -55.127535818961036,
      "distance": -4.003364733822523
    }
  ]
}
