{
  "centroid": {
    "ra": 71.38231345381276,
    "dec": -84.01021576108383,
    "distance": -5.628588236327136
  },
  "center_of_gravity": {
    "ra": 71.3929894948709,
    "dec": -84.00442061609651,
    "distance": -5.583016747773492
  },
  "diameter": {
    "ra": 1.1550293562116423,
    "dec": 1.1095997502870887,
    "distance": 3.5697007329102473
  },
  "bounds": [
    {
      "ra": 70.76303632169912,
      "dec": -84.43930520214107,
      "distance": -7.63010962557308
    },
    {
      "ra": 71.91806567791076,
      "dec": -83.32970545185398,
      "distance": -4.060408892662832
    }
  ]
}
