{
  "centroid": {
    "ra": 16.21520997132945,
    "dec": 60.653637430093106,
    "distance": 4.164407592258064
  },
  "center_of_gravity": {
    "ra": 16.220139971164503,
    "dec": 60.650440376080596,
    "distance": 4.165827866995224
  },
  "diameter": {
    "ra": 0.32398103736885275,
    "dec": 0.42521264094881417,
    "distance": 0.3765848628687136
  },
  "bounds": [
    {
      "ra": 16.059181935796076,
      "dec": 60.44173832182541,
      "distance": 4.011834628083027
    },
    {
      "ra": 16.38316297316493,
      "dec": 60.866950962774226,
      "distance": 4.38841949095174
    }
  ]
}
