{
  "centroid": {
    "ra": 23.479113077227055,
    "dec": 30.647203323266016,
    "distance": 4.430139806435454
  },
  "center_of_gravity": {
    "ra": 23.482686750464012,
    "dec": 30.642872783101513,
    "distance": 4.442166390969302
  },
  "diameter": {
    "ra": 0.5941565032771052,
    "dec": 0.59110219916478,
    "distance": 1.0411050045573909
  },
  "bounds": [
    {
      "ra": 23.176899061309967,
      "dec": 30.35786628960025,
      "distance": 4.000659859730765
    },
    {
      "ra": 23.771055564587073,
      "dec": 30.94896848876503,
      "distance": 5.041764864288156
    }
  ]
}
{
  "centroid": {
    "ra": 23.445642634716265,
    "dec": 30.598559710035385,
    "distance": -4.314420157491291
  },
  "center_of_gravity": {
    "ra": 23.450874979844556,
    "dec": 30.590697506082368,
    "distance": -4.302802702489749
  },
  "diameter": {
    "ra": 0.5335233147354579,
    "dec": 0.4656179382725192,
    "distance": 0.7114329828152988
  },
  "bounds": [
    {
      "ra": 23.15451195673834,
      "dec": 30.362213454365946,
      "distance": -4.722037591282347
    },
    {
      "ra": 23.688035271473797,
      "dec": 30.827831392638466,
      "distance": -4.010604608467048
    }
  ]
}
